[{"model": "admin.logentry", "pk": 1, "fields": {"action_time": "2020-11-23T19:18:29.642Z", "user": 1, "content_type": 8, "object_id": "1", "object_repr": "Direction des systems d'information", "action_flag": 1, "change_message": "[{\"added\": {}}]"}}, {"model": "admin.logentry", "pk": 2, "fields": {"action_time": "2020-11-23T19:18:42.715Z", "user": 1, "content_type": 7, "object_id": "1", "object_repr": "ROUINI SEYFALLAH", "action_flag": 1, "change_message": "[{\"added\": {}}]"}}, {"model": "admin.logentry", "pk": 3, "fields": {"action_time": "2020-11-23T19:25:50.376Z", "user": 1, "content_type": 9, "object_id": "3", "object_repr": "Toner canon MF633", "action_flag": 3, "change_message": ""}}, {"model": "admin.logentry", "pk": 4, "fields": {"action_time": "2020-11-23T19:25:50.430Z", "user": 1, "content_type": 9, "object_id": "2", "object_repr": "Toner canon MF633", "action_flag": 3, "change_message": ""}}, {"model": "admin.logentry", "pk": 5, "fields": {"action_time": "2020-11-23T19:25:50.481Z", "user": 1, "content_type": 9, "object_id": "1", "object_repr": "Toner canon MF633", "action_flag": 3, "change_message": ""}}, {"model": "admin.logentry", "pk": 6, "fields": {"action_time": "2020-11-23T19:27:34.629Z", "user": 1, "content_type": 9, "object_id": "5", "object_repr": "Toner canon MF633", "action_flag": 3, "change_message": ""}}, {"model": "admin.logentry", "pk": 7, "fields": {"action_time": "2020-11-23T19:27:34.775Z", "user": 1, "content_type": 9, "object_id": "4", "object_repr": "Toner canon MF633", "action_flag": 3, "change_message": ""}}, {"model": "admin.logentry", "pk": 8, "fields": {"action_time": "2020-11-23T19:33:18.265Z", "user": 1, "content_type": 9, "object_id": "8", "object_repr": "Toner canon MF633", "action_flag": 3, "change_message": ""}}, {"model": "admin.logentry", "pk": 9, "fields": {"action_time": "2020-11-23T19:33:18.415Z", "user": 1, "content_type": 9, "object_id": "7", "object_repr": "Toner canon MF633", "action_flag": 3, "change_message": ""}}, {"model": "admin.logentry", "pk": 10, "fields": {"action_time": "2020-11-23T19:33:18.474Z", "user": 1, "content_type": 9, "object_id": "6", "object_repr": "Toner canon MF633", "action_flag": 3, "change_message": ""}}, {"model": "admin.logentry", "pk": 11, "fields": {"action_time": "2020-11-24T16:57:50.706Z", "user": 1, "content_type": 10, "object_id": "1", "object_repr": "BST000001", "action_flag": 1, "change_message": "[{\"added\": {}}]"}}, {"model": "admin.logentry", "pk": 12, "fields": {"action_time": "2020-11-24T16:57:58.091Z", "user": 1, "content_type": 10, "object_id": "2", "object_repr": "BST000002", "action_flag": 1, "change_message": "[{\"added\": {}}]"}}, {"model": "admin.logentry", "pk": 13, "fields": {"action_time": "2020-11-26T13:44:47.041Z", "user": 1, "content_type": 9, "object_id": "41", "object_repr": "Toner canon MF635", "action_flag": 3, "change_message": ""}}, {"model": "admin.logentry", "pk": 14, "fields": {"action_time": "2020-11-27T23:55:45.793Z", "user": 1, "content_type": 4, "object_id": "4", "object_repr": "king", "action_flag": 1, "change_message": "[{\"added\": {}}]"}}, {"model": "admin.logentry", "pk": 15, "fields": {"action_time": "2020-11-28T11:01:38.269Z", "user": 1, "content_type": 4, "object_id": "5", "object_repr": "s.rouini", "action_flag": 1, "change_message": "[{\"added\": {}}]"}}, {"model": "admin.logentry", "pk": 16, "fields": {"action_time": "2020-11-28T11:03:28.970Z", "user": 1, "content_type": 4, "object_id": "6", "object_repr": "rouini", "action_flag": 1, "change_message": "[{\"added\": {}}]"}}, {"model": "admin.logentry", "pk": 17, "fields": {"action_time": "2020-11-28T18:17:51.823Z", "user": 1, "content_type": 8, "object_id": "2", "object_repr": "DIRECTION DES ACHATS", "action_flag": 1, "change_message": "[{\"added\": {}}]"}}, {"model": "admin.logentry", "pk": 18, "fields": {"action_time": "2020-11-28T21:41:27.965Z", "user": 1, "content_type": 11, "object_id": "1", "object_repr": "Toner canon MF720 2020-11-28", "action_flag": 1, "change_message": "[{\"added\": {}}]"}}, {"model": "admin.logentry", "pk": 19, "fields": {"action_time": "2020-11-28T22:48:12.916Z", "user": 1, "content_type": 11, "object_id": "2", "object_repr": "toenr 5555 2020-11-28", "action_flag": 1, "change_message": "[{\"added\": {}}]"}}, {"model": "admin.logentry", "pk": 20, "fields": {"action_time": "2020-12-06T13:21:25.576Z", "user": 1, "content_type": 4, "object_id": "3", "object_repr": "m.merzoug", "action_flag": 3, "change_message": ""}}, {"model": "admin.logentry", "pk": 21, "fields": {"action_time": "2020-12-06T13:21:34.939Z", "user": 1, "content_type": 4, "object_id": "2", "object_repr": "admintoo", "action_flag": 3, "change_message": ""}}, {"model": "admin.logentry", "pk": 22, "fields": {"action_time": "2020-12-06T13:21:34.995Z", "user": 1, "content_type": 4, "object_id": "4", "object_repr": "king", "action_flag": 3, "change_message": ""}}, {"model": "admin.logentry", "pk": 23, "fields": {"action_time": "2020-12-06T13:21:35.047Z", "user": 1, "content_type": 4, "object_id": "6", "object_repr": "rouini", "action_flag": 3, "change_message": ""}}, {"model": "admin.logentry", "pk": 24, "fields": {"action_time": "2020-12-06T13:21:35.098Z", "user": 1, "content_type": 4, "object_id": "5", "object_repr": "s.rouini", "action_flag": 3, "change_message": ""}}, {"model": "admin.logentry", "pk": 25, "fields": {"action_time": "2020-12-06T13:22:16.866Z", "user": 1, "content_type": 4, "object_id": "7", "object_repr": "s.rouini", "action_flag": 1, "change_message": "[{\"added\": {}}]"}}, {"model": "admin.logentry", "pk": 26, "fields": {"action_time": "2020-12-06T13:22:59.754Z", "user": 1, "content_type": 4, "object_id": "7", "object_repr": "s.rouini", "action_flag": 2, "change_message": "[{\"changed\": {\"fields\": [\"User permissions\"]}}]"}}, {"model": "admin.logentry", "pk": 27, "fields": {"action_time": "2020-12-06T13:23:21.308Z", "user": 1, "content_type": 4, "object_id": "7", "object_repr": "s.rouini", "action_flag": 2, "change_message": "[{\"changed\": {\"fields\": [\"First name\", \"Last name\", \"Staff status\"]}}]"}}, {"model": "admin.logentry", "pk": 28, "fields": {"action_time": "2020-12-15T07:15:34.986Z", "user": 1, "content_type": 4, "object_id": "8", "object_repr": "m.merzoug", "action_flag": 1, "change_message": "[{\"added\": {}}]"}}, {"model": "admin.logentry", "pk": 29, "fields": {"action_time": "2020-12-15T07:16:11.779Z", "user": 1, "content_type": 4, "object_id": "8", "object_repr": "m.merzoug", "action_flag": 2, "change_message": "[{\"changed\": {\"fields\": [\"First name\", \"Last name\", \"Email address\", \"Staff status\", \"Superuser status\", \"User permissions\"]}}]"}}, {"model": "admin.logentry", "pk": 30, "fields": {"action_time": "2020-12-28T14:32:10.763Z", "user": 8, "content_type": 12, "object_id": "1", "object_repr": "Offer object (1)", "action_flag": 1, "change_message": "[{\"added\": {}}]"}}, {"model": "admin.logentry", "pk": 31, "fields": {"action_time": "2020-12-28T14:32:32.935Z", "user": 8, "content_type": 13, "object_id": "1", "object_repr": "Simcard object (1)", "action_flag": 1, "change_message": "[{\"added\": {}}]"}}, {"model": "admin.logentry", "pk": 32, "fields": {"action_time": "2020-12-28T14:32:40.640Z", "user": 8, "content_type": 13, "object_id": "1", "object_repr": "Simcard object (1)", "action_flag": 3, "change_message": ""}}, {"model": "admin.logentry", "pk": 33, "fields": {"action_time": "2020-12-28T14:32:47.403Z", "user": 8, "content_type": 12, "object_id": "1", "object_repr": "Offer object (1)", "action_flag": 3, "change_message": ""}}, {"model": "admin.logentry", "pk": 34, "fields": {"action_time": "2020-12-28T14:36:12.888Z", "user": 8, "content_type": 12, "object_id": "2", "object_repr": "MOBILG 4G 2000", "action_flag": 1, "change_message": "[{\"added\": {}}]"}}, {"model": "admin.logentry", "pk": 35, "fields": {"action_time": "2020-12-28T14:36:46.598Z", "user": 8, "content_type": 13, "object_id": "2", "object_repr": "770227055", "action_flag": 1, "change_message": "[{\"added\": {}}]"}}, {"model": "admin.logentry", "pk": 36, "fields": {"action_time": "2020-12-29T11:56:33.643Z", "user": 8, "content_type": 8, "object_id": "2", "object_repr": "DIRECTION DES ACHATS ET APPROVISIONNEMENT", "action_flag": 2, "change_message": "[{\"changed\": {\"fields\": [\"Description\"]}}]"}}, {"model": "admin.logentry", "pk": 37, "fields": {"action_time": "2020-12-29T11:56:52.550Z", "user": 8, "content_type": 8, "object_id": "1", "object_repr": "DIRECTION DES SYSTEMS D'INFORMATION", "action_flag": 2, "change_message": "[{\"changed\": {\"fields\": [\"Description\"]}}]"}}, {"model": "admin.logentry", "pk": 38, "fields": {"action_time": "2020-12-29T11:57:27.828Z", "user": 8, "content_type": 8, "object_id": "3", "object_repr": "DIRECTION DE LA SURETE ET DE LA SECURITE", "action_flag": 1, "change_message": "[{\"added\": {}}]"}}, {"model": "admin.logentry", "pk": 39, "fields": {"action_time": "2020-12-29T11:57:50.828Z", "user": 8, "content_type": 8, "object_id": "4", "object_repr": "DIRECTION DU CONTROLE DE GESTION ET AUDIT", "action_flag": 1, "change_message": "[{\"added\": {}}]"}}, {"model": "admin.logentry", "pk": 40, "fields": {"action_time": "2020-12-29T11:58:01.540Z", "user": 8, "content_type": 8, "object_id": "5", "object_repr": "DIRECTION GENERALE", "action_flag": 1, "change_message": "[{\"added\": {}}]"}}, {"model": "admin.logentry", "pk": 41, "fields": {"action_time": "2020-12-29T11:58:26.885Z", "user": 8, "content_type": 8, "object_id": "6", "object_repr": "POLE LOGISITIQUE JIJEL- BEDJAIA", "action_flag": 1, "change_message": "[{\"added\": {}}]"}}, {"model": "admin.logentry", "pk": 42, "fields": {"action_time": "2020-12-29T12:04:35.373Z", "user": 8, "content_type": 8, "object_id": "7", "object_repr": "UNITE OPERATIONELLE D'INGENIERIE, DECONSTRUCTION ET DE REALISATION", "action_flag": 1, "change_message": "[{\"added\": {}}]"}}, {"model": "admin.logentry", "pk": 43, "fields": {"action_time": "2020-12-29T12:05:10.002Z", "user": 8, "content_type": 8, "object_id": "8", "object_repr": "DIRECTION DES FINANCES ET DE COMPTABILITE", "action_flag": 1, "change_message": "[{\"added\": {}}]"}}, {"model": "admin.logentry", "pk": 44, "fields": {"action_time": "2020-12-29T12:05:29.656Z", "user": 8, "content_type": 8, "object_id": "9", "object_repr": "DIRECTION DES RESSOURCES HUMAINES", "action_flag": 1, "change_message": "[{\"added\": {}}]"}}, {"model": "admin.logentry", "pk": 45, "fields": {"action_time": "2020-12-29T12:05:51.002Z", "user": 8, "content_type": 8, "object_id": "10", "object_repr": "DIRECTION DES TRANSPORTS", "action_flag": 1, "change_message": "[{\"added\": {}}]"}}, {"model": "admin.logentry", "pk": 46, "fields": {"action_time": "2020-12-29T12:06:15.029Z", "user": 8, "content_type": 8, "object_id": "11", "object_repr": "DIRECTION DE TRANSIT ET DES OPERATIONS AMOUNT", "action_flag": 1, "change_message": "[{\"added\": {}}]"}}, {"model": "admin.logentry", "pk": 47, "fields": {"action_time": "2020-12-29T12:06:28.780Z", "user": 8, "content_type": 8, "object_id": "12", "object_repr": "DIRECTION DES OPERATIONS AVAL", "action_flag": 1, "change_message": "[{\"added\": {}}]"}}, {"model": "admin.logentry", "pk": 48, "fields": {"action_time": "2020-12-29T12:06:57.236Z", "user": 8, "content_type": 8, "object_id": "13", "object_repr": "DIRECTION DU MATERIEL ET DE LA MAINTENANCE", "action_flag": 1, "change_message": "[{\"added\": {}}]"}}, {"model": "admin.logentry", "pk": 49, "fields": {"action_time": "2020-12-29T12:07:35.426Z", "user": 8, "content_type": 8, "object_id": "14", "object_repr": "DIRECTION DE LA STRATEGIE ET DU BUISINESS DEVELOPMENT", "action_flag": 1, "change_message": "[{\"added\": {}}]"}}, {"model": "admin.logentry", "pk": 50, "fields": {"action_time": "2020-12-29T12:07:59.650Z", "user": 8, "content_type": 8, "object_id": "15", "object_repr": "DIRECTION DE L'ADMINISTRATION DES VENTES", "action_flag": 1, "change_message": "[{\"added\": {}}]"}}, {"model": "admin.logentry", "pk": 51, "fields": {"action_time": "2020-12-29T12:08:20.499Z", "user": 8, "content_type": 8, "object_id": "16", "object_repr": "POLE LOGISTIQUE ORAN", "action_flag": 1, "change_message": "[{\"added\": {}}]"}}, {"model": "admin.logentry", "pk": 52, "fields": {"action_time": "2020-12-29T12:08:56.786Z", "user": 8, "content_type": 8, "object_id": "17", "object_repr": "DIRECTION DE LA MANUTENTION ET DES ACTIVITE CONNEXES", "action_flag": 1, "change_message": "[{\"added\": {}}]"}}, {"model": "admin.logentry", "pk": 53, "fields": {"action_time": "2020-12-29T12:10:14.909Z", "user": 8, "content_type": 8, "object_id": "18", "object_repr": "DIRECTION JURIDIQUE, CONTETIEUX ET PATRIMOINE", "action_flag": 1, "change_message": "[{\"added\": {}}]"}}, {"model": "admin.logentry", "pk": 54, "fields": {"action_time": "2020-12-29T12:11:00.317Z", "user": 8, "content_type": 8, "object_id": "19", "object_repr": "CELLULE DE GESTION DU PARC VEHICULE LEGER", "action_flag": 1, "change_message": "[{\"added\": {}}]"}}, {"model": "admin.logentry", "pk": 55, "fields": {"action_time": "2020-12-29T12:11:24.132Z", "user": 8, "content_type": 8, "object_id": "20", "object_repr": "DIRECTION DE LA PLATFORME D'EXPORT JIJEL", "action_flag": 1, "change_message": "[{\"added\": {}}]"}}, {"model": "admin.logentry", "pk": 56, "fields": {"action_time": "2021-01-04T08:57:25.396Z", "user": 8, "content_type": 8, "object_id": "21", "object_repr": "LA DOUANE", "action_flag": 1, "change_message": "[{\"added\": {}}]"}}, {"model": "auth.permission", "pk": 1, "fields": {"name": "Can add log entry", "content_type": 1, "codename": "add_logentry"}}, {"model": "auth.permission", "pk": 2, "fields": {"name": "Can change log entry", "content_type": 1, "codename": "change_logentry"}}, {"model": "auth.permission", "pk": 3, "fields": {"name": "Can delete log entry", "content_type": 1, "codename": "delete_logentry"}}, {"model": "auth.permission", "pk": 4, "fields": {"name": "Can view log entry", "content_type": 1, "codename": "view_logentry"}}, {"model": "auth.permission", "pk": 5, "fields": {"name": "Can add permission", "content_type": 2, "codename": "add_permission"}}, {"model": "auth.permission", "pk": 6, "fields": {"name": "Can change permission", "content_type": 2, "codename": "change_permission"}}, {"model": "auth.permission", "pk": 7, "fields": {"name": "Can delete permission", "content_type": 2, "codename": "delete_permission"}}, {"model": "auth.permission", "pk": 8, "fields": {"name": "Can view permission", "content_type": 2, "codename": "view_permission"}}, {"model": "auth.permission", "pk": 9, "fields": {"name": "Can add group", "content_type": 3, "codename": "add_group"}}, {"model": "auth.permission", "pk": 10, "fields": {"name": "Can change group", "content_type": 3, "codename": "change_group"}}, {"model": "auth.permission", "pk": 11, "fields": {"name": "Can delete group", "content_type": 3, "codename": "delete_group"}}, {"model": "auth.permission", "pk": 12, "fields": {"name": "Can view group", "content_type": 3, "codename": "view_group"}}, {"model": "auth.permission", "pk": 13, "fields": {"name": "Can add user", "content_type": 4, "codename": "add_user"}}, {"model": "auth.permission", "pk": 14, "fields": {"name": "Can change user", "content_type": 4, "codename": "change_user"}}, {"model": "auth.permission", "pk": 15, "fields": {"name": "Can delete user", "content_type": 4, "codename": "delete_user"}}, {"model": "auth.permission", "pk": 16, "fields": {"name": "Can view user", "content_type": 4, "codename": "view_user"}}, {"model": "auth.permission", "pk": 17, "fields": {"name": "Can add content type", "content_type": 5, "codename": "add_contenttype"}}, {"model": "auth.permission", "pk": 18, "fields": {"name": "Can change content type", "content_type": 5, "codename": "change_contenttype"}}, {"model": "auth.permission", "pk": 19, "fields": {"name": "Can delete content type", "content_type": 5, "codename": "delete_contenttype"}}, {"model": "auth.permission", "pk": 20, "fields": {"name": "Can view content type", "content_type": 5, "codename": "view_contenttype"}}, {"model": "auth.permission", "pk": 21, "fields": {"name": "Can add session", "content_type": 6, "codename": "add_session"}}, {"model": "auth.permission", "pk": 22, "fields": {"name": "Can change session", "content_type": 6, "codename": "change_session"}}, {"model": "auth.permission", "pk": 23, "fields": {"name": "Can delete session", "content_type": 6, "codename": "delete_session"}}, {"model": "auth.permission", "pk": 24, "fields": {"name": "Can view session", "content_type": 6, "codename": "view_session"}}, {"model": "auth.permission", "pk": 25, "fields": {"name": "Can add customer", "content_type": 7, "codename": "add_customer"}}, {"model": "auth.permission", "pk": 26, "fields": {"name": "Can change customer", "content_type": 7, "codename": "change_customer"}}, {"model": "auth.permission", "pk": 27, "fields": {"name": "Can delete customer", "content_type": 7, "codename": "delete_customer"}}, {"model": "auth.permission", "pk": 28, "fields": {"name": "Can view customer", "content_type": 7, "codename": "view_customer"}}, {"model": "auth.permission", "pk": 29, "fields": {"name": "Can add direction", "content_type": 8, "codename": "add_direction"}}, {"model": "auth.permission", "pk": 30, "fields": {"name": "Can change direction", "content_type": 8, "codename": "change_direction"}}, {"model": "auth.permission", "pk": 31, "fields": {"name": "Can delete direction", "content_type": 8, "codename": "delete_direction"}}, {"model": "auth.permission", "pk": 32, "fields": {"name": "Can view direction", "content_type": 8, "codename": "view_direction"}}, {"model": "auth.permission", "pk": 33, "fields": {"name": "Can add toner", "content_type": 9, "codename": "add_toner"}}, {"model": "auth.permission", "pk": 34, "fields": {"name": "Can change toner", "content_type": 9, "codename": "change_toner"}}, {"model": "auth.permission", "pk": 35, "fields": {"name": "Can delete toner", "content_type": 9, "codename": "delete_toner"}}, {"model": "auth.permission", "pk": 36, "fields": {"name": "Can view toner", "content_type": 9, "codename": "view_toner"}}, {"model": "auth.permission", "pk": 37, "fields": {"name": "Can add release voucher", "content_type": 10, "codename": "add_releasevoucher"}}, {"model": "auth.permission", "pk": 38, "fields": {"name": "Can change release voucher", "content_type": 10, "codename": "change_releasevoucher"}}, {"model": "auth.permission", "pk": 39, "fields": {"name": "Can delete release voucher", "content_type": 10, "codename": "delete_releasevoucher"}}, {"model": "auth.permission", "pk": 40, "fields": {"name": "Can view release voucher", "content_type": 10, "codename": "view_releasevoucher"}}, {"model": "auth.permission", "pk": 41, "fields": {"name": "Can add consumption", "content_type": 11, "codename": "add_consumption"}}, {"model": "auth.permission", "pk": 42, "fields": {"name": "Can change consumption", "content_type": 11, "codename": "change_consumption"}}, {"model": "auth.permission", "pk": 43, "fields": {"name": "Can delete consumption", "content_type": 11, "codename": "delete_consumption"}}, {"model": "auth.permission", "pk": 44, "fields": {"name": "Can view consumption", "content_type": 11, "codename": "view_consumption"}}, {"model": "auth.permission", "pk": 45, "fields": {"name": "Can add offer", "content_type": 12, "codename": "add_offer"}}, {"model": "auth.permission", "pk": 46, "fields": {"name": "Can change offer", "content_type": 12, "codename": "change_offer"}}, {"model": "auth.permission", "pk": 47, "fields": {"name": "Can delete offer", "content_type": 12, "codename": "delete_offer"}}, {"model": "auth.permission", "pk": 48, "fields": {"name": "Can view offer", "content_type": 12, "codename": "view_offer"}}, {"model": "auth.permission", "pk": 49, "fields": {"name": "Can add simcard", "content_type": 13, "codename": "add_simcard"}}, {"model": "auth.permission", "pk": 50, "fields": {"name": "Can change simcard", "content_type": 13, "codename": "change_simcard"}}, {"model": "auth.permission", "pk": 51, "fields": {"name": "Can delete simcard", "content_type": 13, "codename": "delete_simcard"}}, {"model": "auth.permission", "pk": 52, "fields": {"name": "Can view simcard", "content_type": 13, "codename": "view_simcard"}}, {"model": "auth.permission", "pk": 53, "fields": {"name": "Can add hardware", "content_type": 14, "codename": "add_hardware"}}, {"model": "auth.permission", "pk": 54, "fields": {"name": "Can change hardware", "content_type": 14, "codename": "change_hardware"}}, {"model": "auth.permission", "pk": 55, "fields": {"name": "Can delete hardware", "content_type": 14, "codename": "delete_hardware"}}, {"model": "auth.permission", "pk": 56, "fields": {"name": "Can view hardware", "content_type": 14, "codename": "view_hardware"}}, {"model": "auth.user", "pk": 1, "fields": {"password": "pbkdf2_sha256$216000$pcVtm2F0TC48$WQkQkbUZoilBJpKxcGbRyQIzn+tuhMS3sVSvcq/+jqw=", "last_login": "2021-01-10T19:34:01.152Z", "is_superuser": true, "username": "admin", "first_name": "", "last_name": "", "email": "", "is_staff": true, "is_active": true, "date_joined": "2020-11-23T19:17:31.624Z", "groups": [], "user_permissions": []}}, {"model": "auth.user", "pk": 7, "fields": {"password": "pbkdf2_sha256$216000$DfvP8Ptw3tYq$mBEln78JoxuDg3LtrGAtH2o7rDto9wyRlL9ZvPxtJLo=", "last_login": "2020-12-06T13:23:59.442Z", "is_superuser": false, "username": "s.rouini", "first_name": "Rouini", "last_name": "Seyfallah", "email": "", "is_staff": true, "is_active": true, "date_joined": "2020-12-06T13:22:16Z", "groups": [], "user_permissions": [41, 42, 43, 44, 25, 26, 27, 28, 29, 30, 31, 32, 37, 38, 39, 40, 33, 34, 35, 36, 1, 2, 3, 4, 9, 10, 11, 12, 5, 6, 7, 8, 13, 14, 15, 16, 17, 18, 19, 20, 21, 22, 23, 24]}}, {"model": "auth.user", "pk": 8, "fields": {"password": "pbkdf2_sha256$216000$MbuGb2TQYykv$XRS1uBLhc3N9ZaZBbrH1w++/IKxTQ6WPbig0uXysLN4=", "last_login": "2021-01-07T10:40:50.379Z", "is_superuser": true, "username": "m.merzoug", "first_name": "Merzoug", "last_name": "Mounir", "email": "m.merzoug@rail-logistic.dz", "is_staff": true, "is_active": true, "date_joined": "2020-12-15T07:15:34Z", "groups": [], "user_permissions": [41, 42, 43, 44, 25, 26, 27, 28, 29, 30, 31, 32, 37, 38, 39, 40, 33, 34, 35, 36, 1, 2, 3, 4, 9, 10, 11, 12, 5, 6, 7, 8, 13, 14, 15, 16, 17, 18, 19, 20, 21, 22, 23, 24]}}, {"model": "contenttypes.contenttype", "pk": 1, "fields": {"app_label": "admin", "model": "logentry"}}, {"model": "contenttypes.contenttype", "pk": 2, "fields": {"app_label": "auth", "model": "permission"}}, {"model": "contenttypes.contenttype", "pk": 3, "fields": {"app_label": "auth", "model": "group"}}, {"model": "contenttypes.contenttype", "pk": 4, "fields": {"app_label": "auth", "model": "user"}}, {"model": "contenttypes.contenttype", "pk": 5, "fields": {"app_label": "contenttypes", "model": "contenttype"}}, {"model": "contenttypes.contenttype", "pk": 6, "fields": {"app_label": "sessions", "model": "session"}}, {"model": "contenttypes.contenttype", "pk": 7, "fields": {"app_label": "TonersManagement", "model": "customer"}}, {"model": "contenttypes.contenttype", "pk": 8, "fields": {"app_label": "TonersManagement", "model": "direction"}}, {"model": "contenttypes.contenttype", "pk": 9, "fields": {"app_label": "TonersManagement", "model": "toner"}}, {"model": "contenttypes.contenttype", "pk": 10, "fields": {"app_label": "TonersManagement", "model": "releasevoucher"}}, {"model": "contenttypes.contenttype", "pk": 11, "fields": {"app_label": "TonersManagement", "model": "consumption"}}, {"model": "contenttypes.contenttype", "pk": 12, "fields": {"app_label": "TonersManagement", "model": "offer"}}, {"model": "contenttypes.contenttype", "pk": 13, "fields": {"app_label": "TonersManagement", "model": "simcard"}}, {"model": "contenttypes.contenttype", "pk": 14, "fields": {"app_label": "TonersManagement", "model": "hardware"}}, {"model": "sessions.session", "pk": "031w3rp4ejkhsqm1bqz8r5hs70zxf9l8", "fields": {"session_data": ".eJxVjEEOwiAQRe_C2hBSGCAu3XsGMsMMUjUlKe2q8e62SRe6_e-9v6mE61LT2mVOI6uriuryuxHml0wH4CdOj6Zzm5Z5JH0o-qRd3xvL-3a6fwcVe91rV7jEiETeOA9iuAyZiUFKtgQuAtBuBLA-oC2GBx8sRyvZBIESvPp8ARlRONw:1kw3hm:uaIpO0WuQ6-99Wmv9aHu461M1lxcOVJwC1mAHnC4t1c", "expire_date": "2021-01-17T13:45:58.078Z"}}, {"model": "sessions.session", "pk": "16ztrdvh9a82s3vkmcq1s72w8bk2wm6x", "fields": {"session_data": ".eJxVjEEOwiAQRe_C2hAHEKcu3fcMZAYGqRpISrsy3l2bdKHb_977LxVoXUpYu8xhSuqiQB1-N6b4kLqBdKd6azq2uswT603RO-16bEme1939OyjUy7eOA7jkbfTIFg0By5EyOsSUc2YBQ95itqchoThjKXoGl5mNd3KGCOr9AfU8OGI:1kygTR:ZP3dKsQ0YYx2rGCkTa_HgxJQBBVjuAiDZ4I5yUq4oO0", "expire_date": "2021-01-24T19:34:01.306Z"}}, {"model": "sessions.session", "pk": "33yr2o0cs3hdydxiv6d4t22rsfl8o5fy", "fields": {"session_data": ".eJxVjEEOwiAQRe_C2hBSGCAu3XsGMsMMUjUlKe2q8e62SRe6_e-9v6mE61LT2mVOI6uriuryuxHml0wH4CdOj6Zzm5Z5JH0o-qRd3xvL-3a6fwcVe91rV7jEiETeOA9iuAyZiUFKtgQuAtBuBLA-oC2GBx8sRyvZBIESvPp8ARlRONw:1kxSio:Ub04vOtjJe1xatFy_jxVWOnrR_AXz6rXPiFfI_1k45k", "expire_date": "2021-01-21T10:40:50.446Z"}}, {"model": "sessions.session", "pk": "5o9l235au05eog1ss0p26z2he8o9jnsz", "fields": {"session_data": ".eJxVjEEOwiAQRe_C2hAGCjN16d4zEGBAqoYmpV0Z765NutDtf-_9l_BhW6vfel78xOIsQJx-txjSI7cd8D202yzT3NZlinJX5EG7vM6cn5fD_TuooddvTbFoYjI2IWiCXAayihU6i44AbIkmEpShGHQcdVIwEioXstGMbnTi_QHAmzbK:1khHLY:MAzELwrBYNH3qToTB5DiPk5XESQu1AKnTLnYv8-97Qo", "expire_date": "2020-12-07T19:17:56.903Z"}}, {"model": "sessions.session", "pk": "6fqxxpn6enysn8x6lhfrhbhmn0tbesnx", "fields": {"session_data": ".eJxVjEEOwiAQRe_C2hAHEKcu3fcMZAYGqRpISrsy3l2bdKHb_977LxVoXUpYu8xhSuqiQB1-N6b4kLqBdKd6azq2uswT603RO-16bEme1939OyjUy7eOA7jkbfTIFg0By5EyOsSUc2YBQ95itqchoThjKXoGl5mNd3KGCOr9AfU8OGI:1kji75:lhRvYH5Cp-8xvwMf35Yy_rBangHRUn6tTwCGfiCgEFo", "expire_date": "2020-12-14T12:17:03.762Z"}}, {"model": "sessions.session", "pk": "aa23fjzj6653k2mk3sf422frs93mtwm5", "fields": {"session_data": ".eJxVjEEOwiAQRe_C2hAHEKcu3fcMZAYGqRpISrsy3l2bdKHb_977LxVoXUpYu8xhSuqiQB1-N6b4kLqBdKd6azq2uswT603RO-16bEme1939OyjUy7eOA7jkbfTIFg0By5EyOsSUc2YBQ95itqchoThjKXoGl5mNd3KGCOr9AfU8OGI:1kj1Fv:5BX84liRad7HAua82wUlJ6YA3kQaOFvyHkwL_-7OaWI", "expire_date": "2020-12-12T14:31:19.928Z"}}, {"model": "sessions.session", "pk": "e68l38dep1inyvw28jzpearp96zfm7af", "fields": {"session_data": ".eJxVjEEOwiAQRe_C2hAHEKcu3fcMZAYGqRpISrsy3l2bdKHb_977LxVoXUpYu8xhSuqiQB1-N6b4kLqBdKd6azq2uswT603RO-16bEme1939OyjUy7eOA7jkbfTIFg0By5EyOsSUc2YBQ95itqchoThjKXoGl5mNd3KGCOr9AfU8OGI:1kkR8d:pAUAJ9DMq9lp0E8iNwRiaPzsFzZAd2QiDeEunjo902c", "expire_date": "2020-12-16T12:21:39.051Z"}}, {"model": "sessions.session", "pk": "hc2kwss73v2u82y223wt6usz6kr4lwv3", "fields": {"session_data": ".eJxVjEEOwiAQRe_C2hAHEKcu3fcMZAYGqRpISrsy3l2bdKHb_977LxVoXUpYu8xhSuqiQB1-N6b4kLqBdKd6azq2uswT603RO-16bEme1939OyjUy7eOA7jkbfTIFg0By5EyOsSUc2YBQ95itqchoThjKXoGl5mNd3KGCOr9AfU8OGI:1kj4mc:aJEIYDQdjvADtqCAONw7Cm6UdhpB_iDYfXw6ce2OAzI", "expire_date": "2020-12-12T18:17:18.700Z"}}, {"model": "sessions.session", "pk": "hjxyhaf10ghww0cheenexkd0xl0es2ie", "fields": {"session_data": ".eJxVjEEOwiAQRe_C2hAHEKcu3fcMZAYGqRpISrsy3l2bdKHb_977LxVoXUpYu8xhSuqiQB1-N6b4kLqBdKd6azq2uswT603RO-16bEme1939OyjUy7eOA7jkbfTIFg0By5EyOsSUc2YBQ95itqchoThjKXoGl5mNd3KGCOr9AfU8OGI:1kjfZI:-5wwK7irN_97G2SIiQtAFdpxom633Iw_-gN4iM46e90", "expire_date": "2020-12-14T09:34:00.675Z"}}, {"model": "sessions.session", "pk": "lvy0y9d19ppt1cifm3u5i5m0rejr4k9h", "fields": {"session_data": ".eJxVjEEOwiAQRe_C2hAHEKcu3fcMZAYGqRpISrsy3l2bdKHb_977LxVoXUpYu8xhSuqiQB1-N6b4kLqBdKd6azq2uswT603RO-16bEme1939OyjUy7eOA7jkbfTIFg0By5EyOsSUc2YBQ95itqchoThjKXoGl5mNd3KGCOr9AfU8OGI:1kj1JQ:8HKU6ifytDmshWVQlSi1EuuiOXVVcKRX9Rc_Gk-78ug", "expire_date": "2020-12-12T14:34:56.570Z"}}, {"model": "sessions.session", "pk": "pu6xwepnp39zw5kiy4iuwvtcgru66tni", "fields": {"session_data": ".eJxVjEEOwiAQRe_C2hAHEKcu3fcMZAYGqRpISrsy3l2bdKHb_977LxVoXUpYu8xhSuqiQB1-N6b4kLqBdKd6azq2uswT603RO-16bEme1939OyjUy7eOA7jkbfTIFg0By5EyOsSUc2YBQ95itqchoThjKXoGl5mNd3KGCOr9AfU8OGI:1kj5t7:98SI0VrJsm-il9ZtHOXeCNFzYHq9sp694VruwD6Qw-4", "expire_date": "2020-12-12T19:28:05.662Z"}}, {"model": "sessions.session", "pk": "q8lxdslbwotk3y8cdtopjyymrdhmajob", "fields": {"session_data": ".eJxVjEEOwiAQRe_C2hBSGCAu3XsGMsMMUjUlKe2q8e62SRe6_e-9v6mE61LT2mVOI6uriuryuxHml0wH4CdOj6Zzm5Z5JH0o-qRd3xvL-3a6fwcVe91rV7jEiETeOA9iuAyZiUFKtgQuAtBuBLA-oC2GBx8sRyvZBIESvPp8ARlRONw:1kp5rh:OWHqo4k1LHcPVUNRl3fgcq7K_wsnK8PbkVBoxJlJ5E4", "expire_date": "2020-12-29T08:39:25.499Z"}}, {"model": "sessions.session", "pk": "rzedcx9v4bd6g8bxs7oxsvz0n3mdfk9c", "fields": {"session_data": ".eJxVjEEOwiAQRe_C2hBSGCAu3XsGMsMMUjUlKe2q8e62SRe6_e-9v6mE61LT2mVOI6uriuryuxHml0wH4CdOj6Zzm5Z5JH0o-qRd3xvL-3a6fwcVe91rV7jEiETeOA9iuAyZiUFKtgQuAtBuBLA-oC2GBx8sRyvZBIESvPp8ARlRONw:1kw3yX:46uDzls0JH-TaUR9M69PkTvzMRlCXlM7UtZeDrS4g3I", "expire_date": "2021-01-17T14:03:17.190Z"}}, {"model": "sessions.session", "pk": "shbpf49h2npfwl8bwkygz40mpwvme0yh", "fields": {"session_data": ".eJxVjEEOwiAQRe_C2hBSGCAu3XsGMsMMUjUlKe2q8e62SRe6_e-9v6mE61LT2mVOI6uriuryuxHml0wH4CdOj6Zzm5Z5JH0o-qRd3xvL-3a6fwcVe91rV7jEiETeOA9iuAyZiUFKtgQuAtBuBLA-oC2GBx8sRyvZBIESvPp8ARlRONw:1kxSYT:iLSAsmVlp2-OC3vA_wXJLtQqHIbnKPF6D2DdE_Mt8eE", "expire_date": "2021-01-21T10:30:09.172Z"}}, {"model": "sessions.session", "pk": "w129yhmrxx61ptc4z9xvnzbbrmk8xapf", "fields": {"session_data": ".eJxVjEEOwiAQRe_C2hAHEKcu3fcMZAYGqRpISrsy3l2bdKHb_977LxVoXUpYu8xhSuqiQB1-N6b4kLqBdKd6azq2uswT603RO-16bEme1939OyjUy7eOA7jkbfTIFg0By5EyOsSUc2YBQ95itqchoThjKXoGl5mNd3KGCOr9AfU8OGI:1kvIGL:G5LKEIVYfyVQr_LCfbd7e-2RZSV0fQjkR3L8nEkA0xk", "expire_date": "2021-01-15T11:06:29.188Z"}}, {"model": "sessions.session", "pk": "w7vbbzz8udyxibzv9h0i1x54go3vgquh", "fields": {"session_data": ".eJxVjEEOwiAQRe_C2hAHEKcu3fcMZAYGqRpISrsy3l2bdKHb_977LxVoXUpYu8xhSuqiQB1-N6b4kLqBdKd6azq2uswT603RO-16bEme1939OyjUy7eOA7jkbfTIFg0By5EyOsSUc2YBQ95itqchoThjKXoGl5mNd3KGCOr9AfU8OGI:1kpzsP:T6zkcTZW6On2C9243qDxlpXgOh1Ti_GLLyjbl4fthZo", "expire_date": "2020-12-31T20:27:53.569Z"}}, {"model": "TonersManagement.toner", "pk": 35, "fields": {"description": "Toner canon MF633", "color": "BK", "toners_type": "ORIGINAL", "Quantity": 3}}, {"model": "TonersManagement.toner", "pk": 44, "fields": {"description": "Toner canon MF699", "color": "BK", "toners_type": "COMPATIBLE", "Quantity": 1}}, {"model": "TonersManagement.toner", "pk": 53, "fields": {"description": "Toner canon MF720", "color": "CN", "toners_type": "ORIGINAL", "Quantity": 3}}, {"model": "TonersManagement.toner", "pk": 66, "fields": {"description": "Toner canon MF633", "color": "BK", "toners_type": "COMPATIBLE", "Quantity": 0}}, {"model": "TonersManagement.toner", "pk": 67, "fields": {"description": "Toner canon MF633", "color": "MG", "toners_type": "COMPATIBLE", "Quantity": 2}}, {"model": "TonersManagement.toner", "pk": 68, "fields": {"description": "Toner canon MF633", "color": "YW", "toners_type": "COMPATIBLE", "Quantity": 19}}, {"model": "TonersManagement.toner", "pk": 70, "fields": {"description": "Toner canon IR3025i a", "color": "YW", "toners_type": "COMPATIBLE", "Quantity": 1}}, {"model": "TonersManagement.toner", "pk": 72, "fields": {"description": "TONER CH435 (712)", "color": "BK", "toners_type": "COMPATIBLE", "Quantity": 3}}, {"model": "TonersManagement.toner", "pk": 73, "fields": {"description": "TONER CANON MF633", "color": "BK", "toners_type": "COMPATIBLE", "Quantity": 2}}, {"model": "TonersManagement.toner", "pk": 74, "fields": {"description": "TONER CANON MF633", "color": "MG", "toners_type": "COMPATIBLE", "Quantity": 2}}, {"model": "TonersManagement.toner", "pk": 75, "fields": {"description": "TONER CANON MF633", "color": "CN", "toners_type": "COMPATIBLE", "Quantity": 3}}, {"model": "TonersManagement.toner", "pk": 76, "fields": {"description": "TONER CANON MF633", "color": "YW", "toners_type": "COMPATIBLE", "Quantity": 3}}, {"model": "TonersManagement.direction", "pk": 1, "fields": {"description": "DIRECTION DES SYSTEMS D'INFORMATION"}}, {"model": "TonersManagement.direction", "pk": 2, "fields": {"description": "DIRECTION DES ACHATS ET APPROVISIONNEMENT"}}, {"model": "TonersManagement.direction", "pk": 3, "fields": {"description": "DIRECTION DE LA SURETE ET DE LA SECURITE"}}, {"model": "TonersManagement.direction", "pk": 4, "fields": {"description": "DIRECTION DU CONTROLE DE GESTION ET AUDIT"}}, {"model": "TonersManagement.direction", "pk": 5, "fields": {"description": "DIRECTION GENERALE"}}, {"model": "TonersManagement.direction", "pk": 6, "fields": {"description": "POLE LOGISITIQUE JIJEL- BEDJAIA"}}, {"model": "TonersManagement.direction", "pk": 7, "fields": {"description": "UNITE OPERATIONELLE D'INGENIERIE, DECONSTRUCTION ET DE REALISATION"}}, {"model": "TonersManagement.direction", "pk": 8, "fields": {"description": "DIRECTION DES FINANCES ET DE COMPTABILITE"}}, {"model": "TonersManagement.direction", "pk": 9, "fields": {"description": "DIRECTION DES RESSOURCES HUMAINES"}}, {"model": "TonersManagement.direction", "pk": 10, "fields": {"description": "DIRECTION DES TRANSPORTS"}}, {"model": "TonersManagement.direction", "pk": 11, "fields": {"description": "DIRECTION DE TRANSIT ET DES OPERATIONS AMOUNT"}}, {"model": "TonersManagement.direction", "pk": 12, "fields": {"description": "DIRECTION DES OPERATIONS AVAL"}}, {"model": "TonersManagement.direction", "pk": 13, "fields": {"description": "DIRECTION DU MATERIEL ET DE LA MAINTENANCE"}}, {"model": "TonersManagement.direction", "pk": 14, "fields": {"description": "DIRECTION DE LA STRATEGIE ET DU BUISINESS DEVELOPMENT"}}, {"model": "TonersManagement.direction", "pk": 15, "fields": {"description": "DIRECTION DE L'ADMINISTRATION DES VENTES"}}, {"model": "TonersManagement.direction", "pk": 16, "fields": {"description": "POLE LOGISTIQUE ORAN"}}, {"model": "TonersManagement.direction", "pk": 17, "fields": {"description": "DIRECTION DE LA MANUTENTION ET DES ACTIVITE CONNEXES"}}, {"model": "TonersManagement.direction", "pk": 18, "fields": {"description": "DIRECTION JURIDIQUE, CONTETIEUX ET PATRIMOINE"}}, {"model": "TonersManagement.direction", "pk": 19, "fields": {"description": "CELLULE DE GESTION DU PARC VEHICULE LEGER"}}, {"model": "TonersManagement.direction", "pk": 20, "fields": {"description": "DIRECTION DE LA PLATFORME D'EXPORT JIJEL"}}, {"model": "TonersManagement.direction", "pk": 21, "fields": {"description": "LA DOUANE"}}, {"model": "TonersManagement.customer", "pk": 10, "fields": {"direction": 1, "full_name": "ROUINI SEYFALLAH"}}, {"model": "TonersManagement.customer", "pk": 11, "fields": {"direction": 2, "full_name": "DERAMCHIA BILAL"}}, {"model": "TonersManagement.customer", "pk": 12, "fields": {"direction": 1, "full_name": "MERZOUG MOUNIR"}}, {"model": "TonersManagement.customer", "pk": 13, "fields": {"direction": 1, "full_name": "YAHI MED ANIS"}}, {"model": "TonersManagement.customer", "pk": 14, "fields": {"direction": 1, "full_name": "KABLI LAMIA"}}, {"model": "TonersManagement.customer", "pk": 15, "fields": {"direction": 1, "full_name": "MILIA KHALED"}}, {"model": "TonersManagement.customer", "pk": 16, "fields": {"direction": 2, "full_name": "JUST A NAME"}}, {"model": "TonersManagement.customer", "pk": 17, "fields": {"direction": 2, "full_name": "test"}}, {"model": "TonersManagement.customer", "pk": 18, "fields": {"direction": 1, "full_name": "WAHID"}}, {"model": "TonersManagement.customer", "pk": 19, "fields": {"direction": 1, "full_name": "Amir"}}, {"model": "TonersManagement.customer", "pk": 20, "fields": {"direction": 21, "full_name": "LA DOUANE GMR"}}, {"model": "TonersManagement.customer", "pk": 21, "fields": {"direction": 13, "full_name": "MERIOUD KARIM"}}, {"model": "TonersManagement.customer", "pk": 22, "fields": {"direction": 14, "full_name": "HANGAR KHEMIS EL-KHACHNA"}}, {"model": "TonersManagement.customer", "pk": 23, "fields": {"direction": 6, "full_name": "ANNOU NABIL"}}, {"model": "TonersManagement.releasevoucher", "pk": 8, "fields": {"release_number": "BST0007", "release_date": "2020-12-13", "customer": 14, "validated": false}}, {"model": "TonersManagement.releasevoucher", "pk": 9, "fields": {"release_number": "BST0008", "release_date": "2020-12-14", "customer": 13, "validated": false}}, {"model": "TonersManagement.releasevoucher", "pk": 10, "fields": {"release_number": "BST0009", "release_date": "2020-12-15", "customer": 11, "validated": false}}, {"model": "TonersManagement.releasevoucher", "pk": 11, "fields": {"release_number": "BST0010", "release_date": "2020-12-15", "customer": 12, "validated": false}}, {"model": "TonersManagement.releasevoucher", "pk": 12, "fields": {"release_number": "BST0011", "release_date": "2020-12-16", "customer": 11, "validated": false}}, {"model": "TonersManagement.releasevoucher", "pk": 13, "fields": {"release_number": "BST0012", "release_date": "2020-12-16", "customer": 11, "validated": false}}, {"model": "TonersManagement.releasevoucher", "pk": 14, "fields": {"release_number": "BST0013", "release_date": "2020-12-16", "customer": 10, "validated": false}}, {"model": "TonersManagement.releasevoucher", "pk": 15, "fields": {"release_number": "BST0014", "release_date": "2020-12-17", "customer": 12, "validated": false}}, {"model": "TonersManagement.releasevoucher", "pk": 16, "fields": {"release_number": "BST0015", "release_date": "2020-12-17", "customer": 11, "validated": false}}, {"model": "TonersManagement.releasevoucher", "pk": 17, "fields": {"release_number": "BST0016", "release_date": "2020-12-17", "customer": 13, "validated": false}}, {"model": "TonersManagement.releasevoucher", "pk": 18, "fields": {"release_number": "BST0016", "release_date": "2020-12-17", "customer": 13, "validated": false}}, {"model": "TonersManagement.releasevoucher", "pk": 19, "fields": {"release_number": "BST0017", "release_date": "2020-12-17", "customer": 14, "validated": false}}, {"model": "TonersManagement.releasevoucher", "pk": 20, "fields": {"release_number": "BST0018", "release_date": "2020-12-30", "customer": 10, "validated": false}}, {"model": "TonersManagement.releasevoucher", "pk": 21, "fields": {"release_number": "BST0001", "release_date": "2021-01-03", "customer": 11, "validated": false}}, {"model": "TonersManagement.releasevoucher", "pk": 22, "fields": {"release_number": "BST0002", "release_date": "2021-01-03", "customer": 11, "validated": false}}, {"model": "TonersManagement.releasevoucher", "pk": 23, "fields": {"release_number": "BST0003", "release_date": "2021-01-04", "customer": 20, "validated": false}}, {"model": "TonersManagement.releasevoucher", "pk": 24, "fields": {"release_number": "BST0004", "release_date": "2021-01-04", "customer": 21, "validated": false}}, {"model": "TonersManagement.releasevoucher", "pk": 25, "fields": {"release_number": "BST0005", "release_date": "2021-01-05", "customer": 22, "validated": false}}, {"model": "TonersManagement.releasevoucher", "pk": 26, "fields": {"release_number": "BST0006", "release_date": "2021-01-05", "customer": 23, "validated": false}}, {"model": "TonersManagement.consumption", "pk": 17, "fields": {"release_voucher": 11, "toner": 53, "quantity": 1, "date": "2020-12-15"}}, {"model": "TonersManagement.consumption", "pk": 23, "fields": {"release_voucher": 10, "toner": 53, "quantity": 2, "date": "2020-12-28"}}, {"model": "TonersManagement.consumption", "pk": 26, "fields": {"release_voucher": 11, "toner": 68, "quantity": 2, "date": "2020-12-28"}}, {"model": "TonersManagement.consumption", "pk": 30, "fields": {"release_voucher": 13, "toner": 70, "quantity": 9, "date": "2020-12-30"}}, {"model": "TonersManagement.consumption", "pk": 31, "fields": {"release_voucher": 21, "toner": 66, "quantity": 1, "date": "2021-01-03"}}, {"model": "TonersManagement.consumption", "pk": 32, "fields": {"release_voucher": 23, "toner": 72, "quantity": 1, "date": "2021-01-04"}}, {"model": "TonersManagement.consumption", "pk": 33, "fields": {"release_voucher": 24, "toner": 72, "quantity": 1, "date": "2021-01-04"}}, {"model": "TonersManagement.consumption", "pk": 34, "fields": {"release_voucher": 25, "toner": 74, "quantity": 1, "date": "2021-01-05"}}, {"model": "TonersManagement.consumption", "pk": 35, "fields": {"release_voucher": 25, "toner": 73, "quantity": 1, "date": "2021-01-05"}}, {"model": "TonersManagement.consumption", "pk": 36, "fields": {"release_voucher": 26, "toner": 73, "quantity": 2, "date": "2021-01-05"}}, {"model": "TonersManagement.consumption", "pk": 37, "fields": {"release_voucher": 26, "toner": 74, "quantity": 2, "date": "2021-01-05"}}, {"model": "TonersManagement.consumption", "pk": 38, "fields": {"release_voucher": 26, "toner": 75, "quantity": 2, "date": "2021-01-05"}}, {"model": "TonersManagement.consumption", "pk": 39, "fields": {"release_voucher": 26, "toner": 76, "quantity": 2, "date": "2021-01-05"}}, {"model": "TonersManagement.consumption", "pk": 40, "fields": {"release_voucher": 8, "toner": 75, "quantity": 0, "date": "2021-01-10"}}, {"model": "TonersManagement.offer", "pk": 2, "fields": {"descrption": "MOBILG 4G 2000", "price": 2000.0, "sim_type": "MOBILE"}}, {"model": "TonersManagement.offer", "pk": 3, "fields": {"descrption": "MOBILG 4G 3500", "price": 3500.0, "sim_type": "DATA"}}, {"model": "TonersManagement.simcard", "pk": 3, "fields": {"number": 22, "customer": 12, "offer": 2, "starting_date": "2021-01-28", "operator": "OOREDOO", "ending_date": "2023-01-28", "seriel_number": "123654487854"}}, {"model": "TonersManagement.simcard", "pk": 4, "fields": {"number": 0, "customer": 11, "offer": 2, "starting_date": "2020-12-28", "operator": "DJEZZY", "ending_date": "2022-12-28", "seriel_number": "2020-12-29 14:09:48.452670+00:00"}}, {"model": "TonersManagement.simcard", "pk": 5, "fields": {"number": 770227033, "customer": 10, "offer": 3, "starting_date": "2020-12-28", "operator": "DJEZZY", "ending_date": null, "seriel_number": "2020-12-29 14:09:48.452670+00:00"}}, {"model": "TonersManagement.simcard", "pk": 6, "fields": {"number": 770227033, "customer": 10, "offer": 3, "starting_date": "2020-12-28", "operator": "DJEZZY", "ending_date": null, "seriel_number": "2020-12-29 14:09:48.452670+00:00"}}, {"model": "TonersManagement.simcard", "pk": 7, "fields": {"number": 770565055, "customer": 13, "offer": 2, "starting_date": "2020-12-28", "operator": "DJEZZY", "ending_date": null, "seriel_number": "2020-12-29 14:09:48.452670+00:00"}}, {"model": "TonersManagement.simcard", "pk": 8, "fields": {"number": 772227055, "customer": 13, "offer": 3, "starting_date": "2020-12-28", "operator": "DJEZZY", "ending_date": null, "seriel_number": "2020-12-29 14:09:48.452670+00:00"}}, {"model": "TonersManagement.simcard", "pk": 9, "fields": {"number": 0, "customer": 14, "offer": 3, "starting_date": "2020-12-28", "operator": "DJEZZY", "ending_date": "2023-01-28", "seriel_number": "123654487854"}}, {"model": "TonersManagement.simcard", "pk": 10, "fields": {"number": 770227033, "customer": 13, "offer": 2, "starting_date": "2020-12-28", "operator": "DJEZZY", "ending_date": "2023-01-28", "seriel_number": "123654487854"}}, {"model": "TonersManagement.simcard", "pk": 11, "fields": {"number": 0, "customer": 12, "offer": 3, "starting_date": "2020-12-28", "operator": "DJEZZY", "ending_date": "2023-01-28", "seriel_number": "123654487854"}}, {"model": "TonersManagement.simcard", "pk": 12, "fields": {"number": 0, "customer": 14, "offer": 3, "starting_date": "2021-01-28", "operator": "DJEZZY", "ending_date": "2022-12-28", "seriel_number": "123654487854"}}, {"model": "TonersManagement.simcard", "pk": 13, "fields": {"number": 55555555, "customer": 18, "offer": 2, "starting_date": "2024-06-19", "operator": "DJEZZY", "ending_date": "2023-01-28", "seriel_number": "123654487854"}}, {"model": "TonersManagement.hardware", "pk": 1, "fields": {"seriel_number": "123654487854", "inventory_number": "123654487854", "customer": 12, "device": "LAPTOP", "description": "dell inspiron 15' i5 8Go Ram", "discharge_number": "015/2020", "supplier": "Officemart", "bill_number": "2250", "release_voucher": "658655", "buying_date": "2021-01-03"}}]